channel,mean_slope,t_stat,p_value,pct_positive,n_subjects,p_value_fdr
Af3,0.11585900560985962,2.3372420304455597,0.021504188753371505,56.70103092783505,97,0.036217581058309904
Af4,0.09711632345783724,1.9188501671720906,0.057973805989466116,55.670103092783506,97,0.06746042878774239
Af7,0.11237789281977309,2.230862077619356,0.028018332396785164,61.855670103092784,97,0.04170170403242443
Af8,0.10103323002500676,2.0364121908675386,0.044463109137275705,61.855670103092784,97,0.054723826630493175
Afz,0.08919094579807298,1.7279739319625869,0.08720835170475914,54.63917525773196,97,0.0962299053293894
C1,0.14837459506031747,3.430858919975273,0.0008887421152143755,60.824742268041234,97,0.0170317582117621
C2,0.11415081996848762,2.4594307055553797,0.01570535985018263,59.79381443298969,97,0.03350476768038961
C3,0.10222539942387801,2.370779376148635,0.019748722301409345,55.670103092783506,97,0.036217581058309904
C4,0.10452332409933078,2.3716479368666015,0.019704997961137612,59.79381443298969,97,0.036217581058309904
C5,0.1267837561292403,2.822180222296414,0.005798023088648939,62.88659793814433,97,0.029562878869646446
C6,0.06009208125019545,1.5850917569878178,0.11623421826916823,56.70103092783505,97,0.12398316615377944
Cp1,0.11576895868419236,2.6780975093436585,0.00871065578045245,56.70103092783505,97,0.029562878869646446
Cp2,0.10899044596065553,2.515319659671946,0.01355326454574587,62.88659793814433,97,0.03271101599937102
Cp3,0.13492537506822205,3.249022271294431,0.0015967273323526968,64.94845360824742,97,0.0170317582117621
Cp4,0.08465325999045023,2.0174818495303035,0.04643688273242676,55.670103092783506,97,0.05607472631840212
Cp5,0.09438030840425675,2.2705083623310607,0.025412088832851384,60.824742268041234,97,0.038803064385258025
Cp6,0.0848065028234605,2.087543816343433,0.039487582799165165,59.79381443298969,97,0.05157561834993001
Cpz,0.13053327799164532,2.9845751743496534,0.0036017732392548307,61.855670103092784,97,0.025612609701367684
Cz,0.11177025911035468,2.5095520808047915,0.013762412079500966,61.855670103092784,97,0.03271101599937102
F1,0.13063100161497598,2.6221342247895394,0.010162239611440966,61.855670103092784,97,0.029562878869646446
F2,0.08686723102781577,1.7811779382860096,0.07804609370661891,53.608247422680414,97,0.08763070170567738
F3,0.10822727382845444,2.1259486623256225,0.03607328370627633,60.824742268041234,97,0.049121067174503937
F4,0.11290970644539541,2.269676430399813,0.02546451100282558,56.70103092783505,97,0.038803064385258025
F5,0.1364510770579765,2.670101549656402,0.008905828028040344,58.76288659793815,97,0.029562878869646446
F6,0.0645125531806874,1.3145760863325313,0.19178439370733502,54.63917525773196,97,0.19482859043284828
F7,0.10639611283373168,2.35806860034321,0.020398512229456014,60.824742268041234,97,0.036217581058309904
F8,0.08291354319718222,1.6177149901571506,0.10900523954375747,55.670103092783506,97,0.11824297170848268
Fc1,0.1240669388223314,2.74786461315139,0.007165529744283774,62.88659793814433,97,0.029562878869646446
Fc2,0.11389727619194552,2.507110355326565,0.01385182428239068,60.824742268041234,97,0.03271101599937102
Fc3,0.15260163146249567,3.3729518081583576,0.0010735082448961079,65.97938144329896,97,0.0170317582117621
Fc4,0.14455423931160413,3.0487217001000984,0.0029695188853939456,63.91752577319587,97,0.025612609701367684
Fc5,0.12800057619868374,2.7744303257660334,0.0066460764114579345,61.855670103092784,97,0.029562878869646446
Fc6,0.05689444133732889,1.1900161032767518,0.23697469089866127,53.608247422680414,97,0.23697469089866127
Fcz,0.15965412928352657,3.3754778945780073,0.0010647466424143362,64.94845360824742,97,0.0170317582117621
Fp1,0.10144372225952761,2.005014613069159,0.04777730243000486,58.76288659793815,97,0.05662495102815391
Fp2,0.11493139753535744,2.346152844426387,0.02102478786149998,59.79381443298969,97,0.036217581058309904
Fpz,0.0948731318719519,1.8097038505162235,0.07347092485182068,64.94845360824742,97,0.08396677125922362
Ft7,0.12304948791836562,2.5347697125954376,0.012868819927087083,64.94845360824742,97,0.03271101599937102
Ft8,0.11211597312151676,2.1271715367253865,0.03596890126176269,60.824742268041234,97,0.049121067174503937
Fz,0.10839273153359727,2.1495581391974934,0.03410373531777717,60.824742268041234,97,0.04850309022972753
Iz,0.06685143678859748,1.3724027566131178,0.17313613791705904,54.63917525773196,97,0.17872117462406095
O1,0.13556982013525337,2.6846804116790572,0.008552897289036295,60.824742268041234,97,0.029562878869646446
O2,0.1067940430362779,2.2722631815118843,0.02530182409223447,58.76288659793815,97,0.038803064385258025
Oz,0.10839916258377566,2.4812906513717574,0.014829667358554923,57.73195876288659,97,0.03272754175681086
P1,0.1118705735580388,2.4947873710236297,0.01431106949972482,53.608247422680414,97,0.03271101599937102
P2,0.10299905217395307,2.4129351782378956,0.01772313908241095,58.76288659793815,97,0.0354462781648219
P3,0.11487776469874368,2.6907907954347157,0.008408789069948245,56.70103092783505,97,0.029562878869646446
P4,0.12231276214944364,2.6996858661920005,0.008202946874980648,59.79381443298969,97,0.029562878869646446
P5,0.12054305403884952,2.890095801947879,0.00476178016504582,63.91752577319587,97,0.029562878869646446
P6,0.09068497559016649,2.042688584491259,0.04382477045156071,57.73195876288659,97,0.054723826630493175
P7,0.12453101293322567,2.630361481701229,0.009935953705363529,59.79381443298969,97,0.029562878869646446
P8,0.12013336464162239,2.5433565725043623,0.012576657706977218,59.79381443298969,97,0.03271101599937102
Po3,0.14920597151237436,3.284700227286159,0.0014257145314631387,63.91752577319587,97,0.0170317582117621
Po4,0.1270229256045346,2.803729833539634,0.006113215143378861,59.79381443298969,97,0.029562878869646446
Po7,0.1652998534660552,3.4958250458790534,0.0007172238255631731,61.855670103092784,97,0.0170317582117621
Po8,0.1282815724542941,3.011203216108029,0.0033255561172337547,63.91752577319587,97,0.025612609701367684
Poz,0.10153183672972493,2.2724985352611364,0.02528706757849395,60.824742268041234,97,0.038803064385258025
Pz,0.10577589321233268,2.4416477515574755,0.016451505893916345,57.73195876288659,97,0.03396439926485955
T10,0.0946241306500854,2.1720749550839202,0.0323129986473094,58.76288659793815,97,0.047000725305177314
T7,0.06789984337813756,1.4352505094285113,0.15446583858970095,55.670103092783506,97,0.1620625191760797
T8,0.1070431007479113,2.349310672367348,0.02085718081665224,61.855670103092784,97,0.036217581058309904
T9,0.104375918668876,2.092735211976392,0.03901034413873401,56.70103092783505,97,0.05157561834993001
Tp7,0.08987669712484063,2.0723907116408475,0.0409094815094608,56.70103092783505,97,0.05236413633210982
Tp8,0.11637039831148373,2.640335712847678,0.009667737368017064,61.855670103092784,97,0.029562878869646446
